{"stats":{"minecraft:picked_up":{"minecraft:magenta_carpet":1,"minecraft:birch_button":1,"minecraft:oak_trapdoor":1,"minecraft:item_frame":1,"minecraft:white_carpet":1,"minecraft:white_stained_glass":1,"minecraft:quartz_stairs":1,"minecraft:pink_carpet":2,"minecraft:spruce_fence":1,"minecraft:stone_button":1,"minecraft:cookie":1,"minecraft:peony":1,"minecraft:pink_tulip":1,"minecraft:birch_log":1,"minecraft:leather":13,"minecraft:smoker":1,"minecraft:birch_planks":2,"minecraft:dirt":1,"minecraft:white_banner":4,"minecraft:prismarine_brick_slab":1,"minecraft:oak_slab":1,"minecraft:scaffolding":1,"minecraft:pink_stained_glass_pane":1,"minecraft:red_banner":1,"minecraft:painting":2,"minecraft:white_concrete":4,"minecraft:red_concrete":1,"minecraft:smooth_quartz_slab":1},"minecraft:mined":{"minecraft:pink_bed":3,"minecraft:magenta_bed":1},"minecraft:crafted":{"minecraft:leather_leggings":1,"minecraft:leather_boots":1,"minecraft:leather_horse_armor":2,"minecraft:leather_helmet":1,"minecraft:white_dye":3,"minecraft:leather_chestplate":1},"minecraft:custom":{"minecraft:inspect_dropper":11,"minecraft:mob_kills":20,"minecraft:inspect_hopper":1,"minecraft:interact_with_crafting_table":9,"minecraft:open_barrel":7,"minecraft:fill_cauldron":4,"minecraft:open_shulker_box":7,"minecraft:bell_ring":75,"minecraft:leave_game":18,"minecraft:time_since_death":1213609,"minecraft:climb_one_cm":1846,"minecraft:sprint_one_cm":577687,"minecraft:walk_one_cm":2301113,"minecraft:drop":14,"minecraft:sneak_time":6336,"minecraft:walk_under_water_one_cm":2528,"minecraft:interact_with_lectern":2,"minecraft:jump":2342,"minecraft:walk_on_water_one_cm":11735,"minecraft:play_one_minute":1213609,"minecraft:interact_with_loom":1,"minecraft:pot_flower":19,"minecraft:sleep_in_bed":1,"minecraft:time_since_rest":405646,"minecraft:damage_dealt":3688,"minecraft:fly_one_cm":2590917,"minecraft:open_chest":2,"minecraft:crouch_one_cm":2428,"minecraft:interact_with_smoker":1,"minecraft:inspect_dispenser":1,"minecraft:horse_one_cm":766},"minecraft:used":{"minecraft:oak_fence":144,"minecraft:peony":40,"minecraft:oak_trapdoor":71,"minecraft:purpur_block":42,"minecraft:light_blue_stained_glass_pane":110,"minecraft:jungle_leaves":118,"minecraft:rose_bush":8,"minecraft:writable_book":5,"minecraft:enchanting_table":3,"minecraft:flint_and_steel":3,"minecraft:cut_red_sandstone_slab":141,"minecraft:smooth_quartz_slab":1788,"minecraft:armor_stand":1,"minecraft:red_concrete":207,"minecraft:dispenser":3,"minecraft:spruce_slab":111,"minecraft:redstone":17,"minecraft:oak_sign":2,"minecraft:white_concrete_powder":1,"minecraft:spruce_planks":580,"minecraft:chest":16,"minecraft:ender_chest":2,"minecraft:grass":4,"minecraft:quartz_stairs":2447,"minecraft:bell":5,"minecraft:stripped_birch_wood":3,"minecraft:bubble_coral":7,"minecraft:smooth_sandstone_stairs":16,"minecraft:player_head":33,"minecraft:netherrack":2,"minecraft:spruce_leaves":23,"minecraft:torch":172,"minecraft:dirt":296,"minecraft:birch_pressure_plate":6,"minecraft:anvil":10,"minecraft:white_carpet":64,"minecraft:hopper":4,"minecraft:prismarine_bricks":36,"minecraft:spruce_stairs":52,"minecraft:prismarine_brick_stairs":55,"minecraft:cobblestone_wall":10,"minecraft:yellow_carpet":53,"minecraft:pink_terracotta":9,"minecraft:pink_carpet":181,"minecraft:jungle_trapdoor":37,"minecraft:spruce_fence":200,"minecraft:light_blue_stained_glass":99,"minecraft:azure_bluet":2,"minecraft:birch_door":10,"minecraft:stone_brick_slab":4,"minecraft:sea_lantern":391,"minecraft:lava_bucket":24,"minecraft:bookshelf":158,"minecraft:quartz_pillar":1082,"minecraft:black_stained_glass_pane":16,"minecraft:oak_stairs":128,"minecraft:quartz_slab":45,"minecraft:lantern":129,"minecraft:iron_block":72,"minecraft:grass_block":335,"minecraft:blue_orchid":7,"minecraft:dark_oak_slab":3,"minecraft:tropical_fish_spawn_egg":4,"minecraft:smooth_quartz":249,"minecraft:pink_wool":631,"minecraft:pink_stained_glass_pane":713,"minecraft:barrel":16,"minecraft:item_frame":22,"minecraft:bedrock":2,"minecraft:tripwire_hook":3,"minecraft:birch_button":2,"minecraft:birch_trapdoor":153,"minecraft:glowstone":46,"minecraft:red_carpet":4,"minecraft:redstone_lamp":6,"minecraft:lime_concrete":156,"minecraft:snow":66,"minecraft:magenta_wool":57,"minecraft:iron_trapdoor":2,"minecraft:scaffolding":51,"minecraft:furnace":4,"minecraft:white_stained_glass_pane":79,"minecraft:gold_block":8,"minecraft:stone_pressure_plate":6,"minecraft:end_stone_brick_stairs":6,"minecraft:dark_prismarine_stairs":4,"minecraft:large_fern":2,"minecraft:magenta_shulker_box":4,"minecraft:turtle_spawn_egg":2,"minecraft:brain_coral_block":1,"minecraft:light_blue_carpet":28,"minecraft:water_bucket":239,"minecraft:light_blue_shulker_box":2,"minecraft:end_rod":5,"minecraft:pink_tulip":10,"minecraft:light_blue_glazed_terracotta":38,"minecraft:pink_glazed_terracotta":83,"minecraft:sandstone_stairs":1,"minecraft:snow_block":8,"minecraft:dropper":20,"minecraft:prismarine_brick_slab":231,"minecraft:birch_planks":3,"minecraft:acacia_trapdoor":18,"minecraft:polished_andesite":8,"minecraft:oak_planks":5,"minecraft:lily_pad":3,"minecraft:pink_banner":19,"minecraft:smooth_sandstone_slab":1,"minecraft:purple_glazed_terracotta":7,"minecraft:cauldron":5,"minecraft:magenta_stained_glass":38,"minecraft:cobblestone_slab":213,"minecraft:horse_spawn_egg":24,"minecraft:smooth_quartz_stairs":576,"minecraft:oak_leaves":233,"minecraft:brain_coral":13,"minecraft:white_wool":4,"minecraft:pink_concrete":7299,"minecraft:dark_prismarine_slab":18,"minecraft:purpur_stairs":164,"minecraft:sand":20,"minecraft:comparator":5,"minecraft:vine":43,"minecraft:light_blue_concrete":7,"minecraft:oak_slab":292,"minecraft:cyan_glazed_terracotta":1,"minecraft:crafting_table":9,"minecraft:loom":3,"minecraft:magenta_bed":3,"minecraft:light_blue_wool":10,"minecraft:birch_sign":16,"minecraft:yellow_concrete":273,"minecraft:acacia_leaves":107,"minecraft:sponge":7,"minecraft:note_block":2,"minecraft:stone_brick_wall":17,"minecraft:painting":59,"minecraft:magenta_carpet":206,"minecraft:spruce_log":2,"minecraft:cake":2,"minecraft:smoker":2,"minecraft:dark_oak_door":3,"minecraft:birch_fence":328,"minecraft:redstone_torch":2,"minecraft:purple_stained_glass":15,"minecraft:sticky_piston":12,"minecraft:lever":11,"minecraft:flower_pot":21,"minecraft:black_concrete":16,"minecraft:birch_fence_gate":4,"minecraft:command_block":13,"minecraft:birch_slab":6,"minecraft:cyan_carpet":2,"minecraft:stone_button":22,"minecraft:spruce_pressure_plate":4,"minecraft:cyan_concrete":215,"minecraft:lectern":5,"minecraft:magenta_concrete":274,"minecraft:purpur_slab":422,"minecraft:spruce_trapdoor":98,"minecraft:prismarine_wall":575,"minecraft:lilac":6,"minecraft:magenta_banner":5,"minecraft:magenta_stained_glass_pane":398,"minecraft:pink_bed":4,"minecraft:diamond_sword":79,"minecraft:potion":8,"minecraft:white_banner":9,"minecraft:pink_shulker_box":27,"minecraft:magenta_glazed_terracotta":1,"minecraft:white_stained_glass":478,"minecraft:red_banner":4,"minecraft:birch_log":43,"minecraft:pink_stained_glass":141,"minecraft:mossy_cobblestone_wall":13,"minecraft:smooth_stone_slab":28,"minecraft:sea_pickle":1,"minecraft:white_concrete":2347,"minecraft:purple_carpet":38,"minecraft:splash_potion":3,"minecraft:jukebox":1,"minecraft:purple_wool":9,"minecraft:birch_stairs":12},"minecraft:dropped":{"minecraft:oak_slab":1,"minecraft:white_concrete":3,"minecraft:prismarine_brick_slab":1,"minecraft:smooth_quartz_slab":1,"minecraft:birch_log":1,"minecraft:pink_stained_glass_pane":1,"minecraft:red_concrete":1,"minecraft:oak_trapdoor":1,"minecraft:smoker":1,"minecraft:spruce_fence":1,"minecraft:quartz_stairs":1,"minecraft:white_stained_glass":1},"minecraft:killed":{"minecraft:horse":12}},"DataVersion":1976}